{
    "channel": 
    [
        {
            "name": "SVRCONN.SSL.TESTQM0",
            "clientConnection":
            {
                "connection":
                [
                    {
                        "host": "localhost",
                        "port": 1414
                    }
                ],
                "queueManager": "QMGROUP"
            },
            "connectionManagement":
            {
              "clientWeight": 1,
              "affinity": "none"
            },
			"transmissionSecurity":
            {
		      "cipherSpecification": "ECDHE_RSA_AES_256_CBC_SHA384"
	        },
            "type": "clientConnection"
        },
        {
            "name": "SVRCONN.SSL.TESTQM1",
            "clientConnection":
            {
                "connection":
                [
                    {
                        "host": "localhost",
                        "port": 1415
                    }
                ],
                "queueManager": "QMGROUP"
            },
            "connectionManagement":
            {
              "clientWeight": 1,
              "affinity": "none"
            },
			"transmissionSecurity":
            {
		      "cipherSpecification": "ECDHE_RSA_AES_256_CBC_SHA384"
	        },
            "type": "clientConnection"
        },
        {
            "name": "SVRCONN.SSL.TESTQM0",
            "clientConnection":
            {
                "connection":
                [
                    {
                        "host": "localhost",
                        "port": 1414
                    }
                ],
                "queueManager": "TESTQM0"
            },
			"transmissionSecurity":
            {
		      "cipherSpecification": "ECDHE_RSA_AES_256_CBC_SHA384"
	        },
            "type": "clientConnection"
        },
        {
            "name": "SVRCONN.SSL.TESTQM1",
            "clientConnection":
            {
                "connection":
                [
                    {
                        "host": "localhost",
                        "port": 1415
                    }
                ],
                "queueManager": "TESTQM1"
            },
			"transmissionSecurity":
            {
		      "cipherSpecification": "ECDHE_RSA_AES_256_CBC_SHA384"
	        },
            "type": "clientConnection"
        },
   ]
}